{
      "Car": {
            "72162541-bcac-4fd4-ae43-e0460b6d4c16": {
                  "box": {
                        "top": 671.1752514008912,
                        "left": 949.4879425047357,
                        "height": 63.545803600253116,
                        "width": 77.6269127854636
                  },
                  "not_in_lidar": false,
                  "attributes": {
                        "lane_information": [
                              "Go forward"
                        ],
                        "relative_position": "0"
                  }
            },
            "e2e44f1d-9202-4f38-9fe4-a4f546ac2c45": {
                  "box": {
                        "top": 686.2003385935261,
                        "left": 1010.0285585968271,
                        "height": 28.770604820204717,
                        "width": 39.377054174810944
                  },
                  "not_in_lidar": true,
                  "attributes": {
                        "lane_information": [
                              "Go forward"
                        ],
                        "relative_position": "0"
                  }
            },
            "2404b21d-9135-40fe-944e-0b9d2e0685bf": {
                  "box": {
                        "top": 643.6217849916598,
                        "left": 1717.0852548155442,
                        "height": 157.76136486209765,
                        "width": 202.9147451844557
                  },
                  "not_in_lidar": false,
                  "attributes": {
                        "lane_information": [
                              "None of the above"
                        ],
                        "relative_position": "None of the above"
                  }
            }
      },
      "Bus": {},
      "Truck": {
            "df63c392-205b-40a2-a7ce-d5debc8046e2": {
                  "box": {
                        "top": 662.3343706930493,
                        "left": 929.764446320317,
                        "height": 56.46312395576919,
                        "width": 52.863955598028724
                  },
                  "not_in_lidar": false,
                  "attributes": {
                        "lane_information": [
                              "None of the above"
                        ],
                        "relative_position": "None of the above"
                  }
            }
      },
      "Van": {
            "79837a0e-399f-4dc3-a87d-e0e9cd7a40de": {
                  "box": {
                        "top": 680.7755126953125,
                        "left": 1026.2645263671875,
                        "height": 26.23594509354973,
                        "width": 27.084238798966215
                  },
                  "not_in_lidar": true,
                  "attributes": {
                        "lane_information": [
                              "Go forward"
                        ],
                        "relative_position": "0"
                  }
            }
      },
      "Motorcyclist": {},
      "Bicyclist": {
            "5745115c-5e71-4cac-9fb5-29b95b2c87be": {
                  "box": {
                        "top": 666.0895838861608,
                        "left": 673.4824009518813,
                        "height": 78.08188969129752,
                        "width": 64.04245449638438
                  },
                  "not_in_lidar": false,
                  "attributes": {
                        "lane_information": [
                              "None of the above"
                        ],
                        "relative_position": "None of the above"
                  }
            },
            "aa9109e4-98ab-407d-bdef-007f21511603": {
                  "box": {
                        "top": 665.1004747496222,
                        "left": 597.8017317186859,
                        "height": 88.07169274743991,
                        "width": 96.87823325574573
                  },
                  "not_in_lidar": false,
                  "attributes": {
                        "lane_information": [
                              "None of the above"
                        ],
                        "relative_position": "None of the above"
                  }
            }
      },
      "Pedestrian": {
            "9abd7efb-f4b6-4a67-b269-188213a22d79": {
                  "box": {
                        "top": 665.1008813347452,
                        "left": 335.9920768445411,
                        "height": 102.49889621459198,
                        "width": 40.707873343735784
                  },
                  "not_in_lidar": false,
                  "attributes": {
                        "age": "Adult",
                        "gender": "Male"
                  }
            }
      },
      "Wheelchair": {},
      "Traffic_Sign": {
            "c47a3641-464b-48c5-b280-3c2ddb2db217": {
                  "box": {
                        "top": 513.495509435251,
                        "left": 1224.202152212475,
                        "height": 28.984861253856025,
                        "width": 20.118621690588505
                  },
                  "not_in_lidar": true,
                  "attributes": {
                        "traffic_sign_type": "Other"
                  }
            },
            "e8bfa727-b847-4609-978a-7d36d0f212ca": {
                  "box": {
                        "top": 546.726514483648,
                        "left": 1223.815863382486,
                        "height": 28.697789412206898,
                        "width": 22.20354602583794
                  },
                  "not_in_lidar": true,
                  "attributes": {
                        "traffic_sign_type": "Do not enter for vehicle"
                  }
            },
            "cc926e45-446e-4ff9-9017-2b23afab39b7": {
                  "box": {
                        "top": 300.7439228667112,
                        "left": 1578.133287318518,
                        "height": 115.79509698119391,
                        "width": 40.6479102601851
                  },
                  "not_in_lidar": true,
                  "attributes": {
                        "traffic_sign_type": "Other"
                  }
            }
      },
      "Traffic_Light": {
            "d4fa5946-4b0b-4a57-a514-14dec0f88c4f": {
                  "box": {
                        "top": 430.56951904296875,
                        "left": 785.4672541545608,
                        "height": 47.46459035097405,
                        "width": 67.68499331658624
                  },
                  "not_in_lidar": true,
                  "attributes": {
                        "traffic_light_state": [
                              "Red round",
                              "Green straight",
                              "Green left"
                        ]
                  }
            },
            "6a9ef563-8013-4ece-bd08-7fb0c28f6c30": {
                  "box": {
                        "top": 136.04081344604492,
                        "left": 1414.7343438378493,
                        "height": 72.36665411161226,
                        "width": 83.55276553715069
                  },
                  "not_in_lidar": true,
                  "attributes": {
                        "traffic_light_state": [
                              "Not visible"
                        ]
                  }
            },
            "9975ac4e-b848-4ea9-8a06-d6d1569b4f17": {
                  "box": {
                        "top": 420.6166019850366,
                        "left": 1246.9660542361598,
                        "height": 26.038682502543598,
                        "width": 50.670199561217416
                  },
                  "not_in_lidar": true,